<?xml version="1.0" encoding="UTF-8"?>
<!DOCTYPE mapper PUBLIC "-//mybatis.org//DTD Mapper 3.0//EN" "http://mybatis.org/dtd/mybatis-3-mapper.dtd">
<mapper namespace="org.analysis.projects.archive.mapper.auto.FieldMapper">

    <!-- 通用查询映射结果 -->
    <resultMap id="BaseResultMap" type="org.analysis.projects.archive.model.auto.Field">
        <id column="id" property="id"/>
        <result column="field_key" property="fieldKey"/>
        <result column="field_name" property="fieldName"/>
        <result column="field_type" property="fieldType"/>
        <result column="option_setting" property="optionSetting"/>
        <result column="default_value" property="defaultValue"/>
        <result column="changed" property="changed"/>
        <result column="required" property="required"/>
        <result column="deleted" property="deleted"/>
        <result column="create_time" property="createTime"/>
        <result column="update_time" property="updateTime"/>
    </resultMap>

    <!-- 通用查询结果列 -->
    <sql id="Base_Column_List">
        id, field_key, field_name, field_type, option_setting, default_value, changed,required, deleted, create_time, update_time
    </sql>

</mapper>
