<?xml version="1.0" encoding="UTF-8"?>
<!DOCTYPE mapper PUBLIC "-//mybatis.org//DTD Mapper 3.0//EN" "http://mybatis.org/dtd/mybatis-3-mapper.dtd">
<mapper namespace="org.analysis.projects.archive.mapper.auto.UserFieldMapper">

    <!-- 通用查询映射结果 -->
    <resultMap id="BaseResultMap" type="org.analysis.projects.archive.model.auto.UserField">
        <id column="id" property="id" />
        <result column="user_id" property="userId" />
        <result column="field_id" property="fieldId" />
        <result column="value" property="value" />
    </resultMap>

    <!-- 通用查询结果列 -->
    <sql id="Base_Column_List">
        id, user_id, field_id, value
    </sql>

</mapper>
