<?xml version="1.0" encoding="UTF-8"?>
<!DOCTYPE mapper PUBLIC "-//mybatis.org//DTD Mapper 3.0//EN" "http://mybatis.org/dtd/mybatis-3-mapper.dtd">
<mapper namespace="org.analysis.projects.brainwave.mapper.auto.AlphaDataMapper">

    <!-- 通用查询映射结果 -->
    <resultMap id="BaseResultMap" type="org.analysis.projects.brainwave.model.auto.AlphaData">
        <id column="id" property="id" />
        <result column="user_id" property="userId" />
        <result column="device_id" property="deviceId" />
        <result column="scene_id" property="sceneId" />
        <result column="time" property="time" />
        <result column="pq" property="pq" />
        <result column="low_alpha1" property="lowAlpha1" />
        <result column="low_alpha2" property="lowAlpha2" />
        <result column="low_alpha3" property="lowAlpha3" />
        <result column="high_alpha1" property="highAlpha1" />
        <result column="high_alpha2" property="highAlpha2" />
        <result column="high_alpha3" property="highAlpha3" />
        <result column="create_time" property="createTime" />
    </resultMap>

    <!-- 通用查询结果列 -->
    <sql id="Base_Column_List">
        id, user_id, device_id, scene_id, time, pq, low_alpha1, low_alpha2, low_alpha3, high_alpha1, high_alpha2, high_alpha3, create_time
    </sql>

</mapper>
