<?xml version="1.0" encoding="UTF-8"?>
<!DOCTYPE mapper PUBLIC "-//mybatis.org//DTD Mapper 3.0//EN" "http://mybatis.org/dtd/mybatis-3-mapper.dtd">
<mapper namespace="org.analysis.projects.brainwave.mapper.auto.BetaDataMapper">

    <!-- 通用查询映射结果 -->
    <resultMap id="BaseResultMap" type="org.analysis.projects.brainwave.model.auto.BetaData">
        <id column="id" property="id" />
        <result column="user_id" property="userId" />
        <result column="device_id" property="deviceId" />
        <result column="scene_id" property="sceneId" />
        <result column="time" property="time" />
        <result column="pq" property="pq" />
        <result column="low_beta1" property="lowBeta1" />
        <result column="low_beta2" property="lowBeta2" />
        <result column="low_beta3" property="lowBeta3" />
        <result column="high_beta1" property="highBeta1" />
        <result column="high_beta2" property="highBeta2" />
        <result column="high_beta3" property="highBeta3" />
        <result column="create_time" property="createTime" />
    </resultMap>

    <!-- 通用查询结果列 -->
    <sql id="Base_Column_List">
        id, user_id, device_id, scene_id, time, pq, low_beta1, low_beta2, low_beta3, high_beta1, high_beta2, high_beta3, create_time
    </sql>

</mapper>
