<?xml version="1.0" encoding="UTF-8"?>
<!DOCTYPE mapper PUBLIC "-//mybatis.org//DTD Mapper 3.0//EN" "http://mybatis.org/dtd/mybatis-3-mapper.dtd">
<mapper namespace="org.analysis.projects.brainwave.mapper.auto.EegDeviceMapper">

    <!-- 通用查询映射结果 -->
    <resultMap id="BaseResultMap" type="org.analysis.projects.brainwave.model.auto.EegDevice">
        <id column="id" property="id" />
        <result column="device_name" property="deviceName" />
        <result column="device_type" property="deviceType" />
        <result column="description" property="description" />
        <result column="deleted" property="deleted" />
        <result column="create_time" property="createTime" />
        <result column="update_time" property="updateTime" />
    </resultMap>

    <!-- 通用查询结果列 -->
    <sql id="Base_Column_List">
        id, device_name, device_type, description, deleted, create_time, update_time
    </sql>

</mapper>
