<?xml version="1.0" encoding="UTF-8"?>
<!DOCTYPE mapper PUBLIC "-//mybatis.org//DTD Mapper 3.0//EN" "http://mybatis.org/dtd/mybatis-3-mapper.dtd">
<mapper namespace="org.analysis.projects.brainwave.mapper.auto.GammaDataMapper">

    <!-- 通用查询映射结果 -->
    <resultMap id="BaseResultMap" type="org.analysis.projects.brainwave.model.auto.GammaData">
        <id column="id" property="id" />
        <result column="user_id" property="userId" />
        <result column="device_id" property="deviceId" />
        <result column="scene_id" property="sceneId" />
        <result column="time" property="time" />
        <result column="pq" property="pq" />
        <result column="low_gamma1" property="lowGamma1" />
        <result column="low_gamma2" property="lowGamma2" />
        <result column="low_gamma3" property="lowGamma3" />
        <result column="middle_gamma1" property="middleGamma1" />
        <result column="middle_gamma2" property="middleGamma2" />
        <result column="middle_gamma3" property="middleGamma3" />
        <result column="create_time" property="createTime" />
    </resultMap>

    <!-- 通用查询结果列 -->
    <sql id="Base_Column_List">
        id, user_id, device_id, scene_id, time, pq, low_gamma1, low_gamma2, low_gamma3, middle_gamma1, middle_gamma2, middle_gamma3, create_time
    </sql>

</mapper>
