<?xml version="1.0" encoding="UTF-8"?>
<!DOCTYPE mapper PUBLIC "-//mybatis.org//DTD Mapper 3.0//EN" "http://mybatis.org/dtd/mybatis-3-mapper.dtd">
<mapper namespace="org.analysis.projects.brainwave.mapper.auto.OtherDataMapper">

    <!-- 通用查询映射结果 -->
    <resultMap id="BaseResultMap" type="org.analysis.projects.brainwave.model.auto.OtherData">
        <id column="id" property="id" />
        <result column="user_id" property="userId" />
        <result column="device_id" property="deviceId" />
        <result column="scene_id" property="sceneId" />
        <result column="time" property="time" />
        <result column="pq" property="pq" />
        <result column="attention" property="attention" />
        <result column="meditation" property="meditation" />
        <result column="create_time" property="createTime" />
    </resultMap>

    <!-- 通用查询结果列 -->
    <sql id="Base_Column_List">
        id, user_id, device_id, scene_id, time, pq, attention, meditation, create_time
    </sql>

</mapper>
