<?xml version="1.0" encoding="UTF-8"?>
<!DOCTYPE mapper PUBLIC "-//mybatis.org//DTD Mapper 3.0//EN" "http://mybatis.org/dtd/mybatis-3-mapper.dtd">
<mapper namespace="org.analysis.projects.ppp.mapper.auto.ArticleMapper">

    <!-- 通用查询映射结果 -->
    <resultMap id="BaseResultMap" type="org.analysis.projects.ppp.model.auto.Article">
        <id column="id" property="id" />
        <result column="title" property="title" />
        <result column="cover_id" property="coverId" />
        <result column="author" property="author" />
        <result column="state" property="state" />
        <result column="profiles" property="profiles" />
        <result column="content" property="content" />
        <result column="topped" property="topped" />
        <result column="views" property="views" />
        <result column="weight" property="weight" />
        <result column="publisher_id" property="publisherId" />
        <result column="description" property="description" />
        <result column="deleted" property="deleted" />
        <result column="create_time" property="createTime" />
        <result column="update_time" property="updateTime" />
    </resultMap>

    <!-- 通用查询结果列 -->
    <sql id="Base_Column_List">
        id, title, cover_id, author, state, profiles, content, topped, views, weight, publisher_id, description, deleted, create_time, update_time
    </sql>

</mapper>
