<?xml version="1.0" encoding="UTF-8"?>
<!DOCTYPE mapper PUBLIC "-//mybatis.org//DTD Mapper 3.0//EN" "http://mybatis.org/dtd/mybatis-3-mapper.dtd">
<mapper namespace="org.analysis.projects.ppp.mapper.auto.ProjectMapper">

    <!-- 通用查询映射结果 -->
    <resultMap id="BaseResultMap" type="org.analysis.projects.ppp.model.auto.Project">
        <id column="id" property="id" />
        <result column="title" property="title" />
        <result column="state" property="state" />
        <result column="type_id" property="typeId" />
        <result column="publish_unit" property="publishUnit" />
        <result column="leader_id" property="leaderId" />
        <result column="leader_name" property="leaderName" />
        <result column="phone_number" property="phoneNumber" />
        <result column="leader_wechat" property="leaderWechat" />
        <result column="project_content" property="projectContent" />
        <result column="project_harvest" property="projectHarvest" />
        <result column="location" property="location" />
        <result column="detail_location" property="detailLocation" />
        <result column="longitude" property="longitude" />
        <result column="latitude" property="latitude" />
        <result column="weight" property="weight" />
        <result column="auditor_id" property="auditorId" />
        <result column="audit_opinion" property="auditOpinion" />
        <result column="deleted" property="deleted" />
        <result column="create_time" property="createTime" />
        <result column="update_time" property="updateTime" />
    </resultMap>

    <!-- 通用查询结果列 -->
    <sql id="Base_Column_List">
        id, title, state, type_id, publish_unit, leader_id, leader_name, phone_number, leader_wechat, project_content, project_harvest, location, detail_location, longitude, latitude, weight, auditor_id, audit_opinion, deleted, create_time, update_time
    </sql>

</mapper>
