<?xml version="1.0" encoding="UTF-8"?>
<!DOCTYPE mapper PUBLIC "-//mybatis.org//DTD Mapper 3.0//EN" "http://mybatis.org/dtd/mybatis-3-mapper.dtd">
<mapper namespace="org.analysis.projects.ppp.mapper.auto.ProjectDynamicMapper">

    <!-- 通用查询映射结果 -->
    <resultMap id="BaseResultMap" type="org.analysis.projects.ppp.model.auto.ProjectDynamic">
        <id column="id" property="id" />
        <result column="project_id" property="projectId" />
        <result column="state" property="state" />
        <result column="applicant_id" property="applicantId" />
        <result column="reply_id" property="replyId" />
        <result column="interview_note" property="interviewNote" />
        <result column="applicant_time" property="applicantTime" />
        <result column="reply_time" property="replyTime" />
        <result column="deleted" property="deleted" />
    </resultMap>

    <!-- 通用查询结果列 -->
    <sql id="Base_Column_List">
        id, project_id, state, applicant_id, reply_id, interview_note, applicant_time, reply_time, deleted
    </sql>

</mapper>
