<?xml version="1.0" encoding="UTF-8"?>
<!DOCTYPE mapper PUBLIC "-//mybatis.org//DTD Mapper 3.0//EN" "http://mybatis.org/dtd/mybatis-3-mapper.dtd">
<mapper namespace="org.analysis.projects.ppp.mapper.auto.ServerSupplyMapper">

    <!-- 通用查询映射结果 -->
    <resultMap id="BaseResultMap" type="org.analysis.projects.ppp.model.auto.ServerSupply">
        <id column="id" property="id" />
        <result column="service_provider" property="serviceProvider" />
        <result column="type" property="type" />
        <result column="description" property="description" />
        <result column="name" property="name" />
        <result column="phone" property="phone" />
        <result column="wechat" property="wechat" />
        <result column="deleted" property="deleted" />
        <result column="create_time" property="createTime" />
        <result column="update_time" property="updateTime" />
    </resultMap>

    <!-- 通用查询结果列 -->
    <sql id="Base_Column_List">
        id, service_provider, type, description, name, phone, wechat, deleted, create_time, update_time
    </sql>

</mapper>
