<?xml version="1.0" encoding="UTF-8"?>
<!DOCTYPE mapper PUBLIC "-//mybatis.org//DTD Mapper 3.0//EN" "http://mybatis.org/dtd/mybatis-3-mapper.dtd">
<mapper namespace="org.analysis.projects.ppp.mapper.auto.ServiceTypeMapper">

    <!-- 通用查询映射结果 -->
    <resultMap id="BaseResultMap" type="org.analysis.projects.ppp.model.auto.ServiceType">
        <id column="id" property="id" />
        <result column="name" property="name" />
        <result column="sort" property="sort" />
        <result column="pid" property="pid" />
        <result column="type" property="type" />
        <result column="descripion" property="descripion" />
        <result column="create_time" property="createTime" />
        <result column="update_time" property="updateTime" />
    </resultMap>

    <!-- 通用查询结果列 -->
    <sql id="Base_Column_List">
        id, name, sort, pid, type, descripion, create_time, update_time
    </sql>

</mapper>
