<?xml version="1.0" encoding="UTF-8"?>
<!DOCTYPE mapper PUBLIC "-//mybatis.org//DTD Mapper 3.0//EN" "http://mybatis.org/dtd/mybatis-3-mapper.dtd">
<mapper namespace="org.analysis.projects.ppp.mapper.auto.ServerUserMapper">

    <!-- 通用查询映射结果 -->
    <resultMap id="BaseResultMap" type="org.analysis.projects.ppp.model.auto.ServerUser">
        <id column="id" property="id" />
        <result column="name" property="name" />
        <result column="avatar_id" property="avatarId" />
        <result column="gender" property="gender" />
        <result column="openid" property="openid" />
        <result column="unionid" property="unionid" />
        <result column="organization" property="organization" />
        <result column="phone_number" property="phoneNumber" />
        <result column="wechat" property="wechat" />
        <result column="country" property="country" />
        <result column="province" property="province" />
        <result column="city" property="city" />
        <result column="area" property="area" />
        <result column="introduction" property="introduction" />
        <result column="deleted" property="deleted" />
        <result column="create_time" property="createTime" />
        <result column="update_time" property="updateTime" />
    </resultMap>

    <!-- 通用查询结果列 -->
    <sql id="Base_Column_List">
        id, name, avatar_id, gender, openid, unionid, organization, phone_number, wechat, country, province, city, area, introduction, deleted, create_time, update_time
    </sql>

</mapper>
