<?xml version="1.0" encoding="UTF-8"?>
<!DOCTYPE mapper PUBLIC "-//mybatis.org//DTD Mapper 3.0//EN" "http://mybatis.org/dtd/mybatis-3-mapper.dtd">
<mapper namespace="org.analysis.projects.suilin.mapper.auto.CommunityMapper">

    <!-- 通用查询映射结果 -->
    <resultMap id="BaseResultMap" type="org.analysis.projects.suilin.model.auto.Community">
        <id column="id" property="id" />
        <result column="suilin_community_id" property="suilinCommunityId" />
        <result column="name" property="name" />
        <result column="avatar_file_id" property="avatarFileId" />
        <result column="introduction" property="introduction" />
        <result column="household" property="household" />
        <result column="population" property="population" />
        <result column="floor_area" property="floorArea" />
        <result column="buil_area" property="builArea" />
        <result column="establishment_data" property="establishmentData" />
        <result column="developer" property="developer" />
        <result column="property_company" property="propertyCompany" />
        <result column="address" property="address" />
        <result column="community_balance" property="communityBalance" />
        <result column="version" property="version" />
        <result column="deleted" property="deleted" />
        <result column="create_time" property="createTime" />
        <result column="update_time" property="updateTime" />
    </resultMap>

    <!-- 通用查询结果列 -->
    <sql id="Base_Column_List">
        id, suilin_community_id, name, avatar_file_id, introduction, household, population, floor_area, buil_area, establishment_data, developer, property_company, address, community_balance, version, deleted, create_time, update_time
    </sql>

</mapper>
