<?xml version="1.0" encoding="UTF-8"?>
<!DOCTYPE mapper PUBLIC "-//mybatis.org//DTD Mapper 3.0//EN" "http://mybatis.org/dtd/mybatis-3-mapper.dtd">
<mapper namespace="org.analysis.projects.suilin.mapper.auto.FinanceMapper">

    <!-- 通用查询映射结果 -->
    <resultMap id="BaseResultMap" type="org.analysis.projects.suilin.model.auto.Finance">
        <id column="id" property="id" />
        <result column="date" property="date" />
        <result column="summary" property="summary" />
        <result column="income" property="income" />
        <result column="outcome" property="outcome" />
        <result column="balance" property="balance" />
        <result column="materials_file_id" property="materialsFileId" />
        <result column="remark" property="remark" />
        <result column="deleted" property="deleted" />
        <result column="create_time" property="createTime" />
        <result column="update_time" property="updateTime" />
    </resultMap>

    <!-- 通用查询结果列 -->
    <sql id="Base_Column_List">
        id, date, summary, income, outcome, balance, materials_file_id, remark, deleted, create_time, update_time
    </sql>

</mapper>
