<?xml version="1.0" encoding="UTF-8"?>
<!DOCTYPE mapper PUBLIC "-//mybatis.org//DTD Mapper 3.0//EN" "http://mybatis.org/dtd/mybatis-3-mapper.dtd">
<mapper namespace="org.analysis.projects.suilin.mapper.auto.MeetingMapper">

    <!-- 通用查询映射结果 -->
    <resultMap id="BaseResultMap" type="org.analysis.projects.suilin.model.auto.Meeting">
        <id column="id" property="id" />
        <result column="title" property="title" />
        <result column="place" property="place" />
        <result column="participate" property="participate" />
        <result column="meeting_record" property="meetingRecord" />
        <result column="attachment_file_id" property="attachmentFileId" />
        <result column="meeting_time" property="meetingTime" />
        <result column="deleted" property="deleted" />
        <result column="create_time" property="createTime" />
        <result column="update_time" property="updateTime" />
    </resultMap>

    <!-- 通用查询结果列 -->
    <sql id="Base_Column_List">
        id, title, place, participate, meeting_record, attachment_file_id, meeting_time, deleted, create_time, update_time
    </sql>

</mapper>
