<?xml version="1.0" encoding="UTF-8"?>
<!DOCTYPE mapper PUBLIC "-//mybatis.org//DTD Mapper 3.0//EN" "http://mybatis.org/dtd/mybatis-3-mapper.dtd">
<mapper namespace="org.analysis.projects.suilin.mapper.auto.NoticeMapper">

    <!-- 通用查询映射结果 -->
    <resultMap id="BaseResultMap" type="org.analysis.projects.suilin.model.auto.Notice">
        <id column="id" property="id" />
        <result column="title" property="title" />
        <result column="content" property="content" />
        <result column="topped" property="topped" />
        <result column="deleted" property="deleted" />
        <result column="create_time" property="createTime" />
        <result column="update_time" property="updateTime" />
    </resultMap>

    <!-- 通用查询结果列 -->
    <sql id="Base_Column_List">
        id, title, content, topped, deleted, create_time, update_time
    </sql>

</mapper>
