<?xml version="1.0" encoding="UTF-8"?>
<!DOCTYPE mapper PUBLIC "-//mybatis.org//DTD Mapper 3.0//EN" "http://mybatis.org/dtd/mybatis-3-mapper.dtd">
<mapper namespace="org.analysis.projects.suilin.mapper.auto.OwnerMapper">

    <!-- 通用查询映射结果 -->
    <resultMap id="BaseResultMap" type="org.analysis.projects.suilin.model.auto.Owner">
        <id column="id" property="id" />
        <result column="suilin_user_id" property="suilinUserId" />
        <result column="name" property="name" />
        <result column="gender" property="gender" />
        <result column="phone" property="phone" />
        <result column="id_card_type" property="idCardType" />
        <result column="id_card" property="idCard" />
        <result column="id_card_file_id" property="idCardFileId" />
        <result column="property_file_id" property="propertyFileId" />
        <result column="room_number" property="roomNumber" />
        <result column="room_area" property="roomArea" />
        <result column="position" property="position" />
        <result column="deleted" property="deleted" />
        <result column="create_time" property="createTime" />
        <result column="update_time" property="updateTime" />
    </resultMap>

    <!-- 通用查询结果列 -->
    <sql id="Base_Column_List">
        id, suilin_user_id, name, gender, phone, id_card_type, id_card, id_card_file_id, property_file_id, room_number, room_area, position, deleted, create_time, update_time
    </sql>

</mapper>
