<?xml version="1.0" encoding="UTF-8"?>
<!DOCTYPE mapper PUBLIC "-//mybatis.org//DTD Mapper 3.0//EN" "http://mybatis.org/dtd/mybatis-3-mapper.dtd">
<mapper namespace="org.analysis.projects.suilin.mapper.auto.PositionMapper">

    <!-- 通用查询映射结果 -->
    <resultMap id="BaseResultMap" type="org.analysis.projects.suilin.model.auto.Position">
        <id column="id" property="id" />
        <result column="suilin_user_id" property="suilinUserId" />
        <result column="position" property="position" />
        <result column="position_time" property="positionTime" />
        <result column="remark" property="remark" />
        <result column="deleted" property="deleted" />
        <result column="create_time" property="createTime" />
        <result column="update_time" property="updateTime" />
    </resultMap>

    <!-- 通用查询结果列 -->
    <sql id="Base_Column_List">
        id, suilin_user_id, position, position_time, remark, deleted, create_time, update_time
    </sql>

</mapper>
