<?xml version="1.0" encoding="UTF-8"?>
<!DOCTYPE mapper PUBLIC "-//mybatis.org//DTD Mapper 3.0//EN" "http://mybatis.org/dtd/mybatis-3-mapper.dtd">
<mapper namespace="org.analysis.projects.suilin.mapper.auto.PostCommentMapper">

    <!-- 通用查询映射结果 -->
    <resultMap id="BaseResultMap" type="org.analysis.projects.suilin.model.auto.PostComment">
        <id column="id" property="id" />
        <result column="post_info_id" property="postInfoId" />
        <result column="suilin_user_id" property="suilinUserId" />
        <result column="like_user" property="likeUser" />
        <result column="like_count" property="likeCount" />
        <result column="reply_count" property="replyCount" />
        <result column="comment" property="comment" />
        <result column="deleted" property="deleted" />
        <result column="create_time" property="createTime" />
        <result column="update_time" property="updateTime" />
    </resultMap>

    <!-- 通用查询结果列 -->
    <sql id="Base_Column_List">
        id, post_info_id, suilin_user_id, like_user, like_count, reply_count, comment, deleted, create_time, update_time
    </sql>

</mapper>
