<?xml version="1.0" encoding="UTF-8"?>
<!DOCTYPE mapper PUBLIC "-//mybatis.org//DTD Mapper 3.0//EN" "http://mybatis.org/dtd/mybatis-3-mapper.dtd">
<mapper namespace="org.analysis.projects.suilin.mapper.auto.PostInfoMapper">

    <!-- 通用查询映射结果 -->
    <resultMap id="BaseResultMap" type="org.analysis.projects.suilin.model.auto.PostInfo">
        <id column="id" property="id" />
        <result column="suilin_community_id" property="suilinCommunityId" />
        <result column="suilin_user_id" property="suilinUserId" />
        <result column="read_count" property="readCount" />
        <result column="like_count" property="likeCount" />
        <result column="comment_count" property="commentCount" />
        <result column="share_user" property="shareUser" />
        <result column="like_user" property="likeUser" />
        <result column="title" property="title" />
        <result column="content" property="content" />
        <result column="comment_closed" property="commentClosed" />
        <result column="sort" property="sort" />
        <result column="deleted" property="deleted" />
        <result column="create_time" property="createTime" />
        <result column="update_time" property="updateTime" />
    </resultMap>

    <!-- 通用查询结果列 -->
    <sql id="Base_Column_List">
        id, suilin_community_id, suilin_user_id, read_count, like_count, comment_count, share_user, like_user, title, content, comment_closed, sort, deleted, create_time, update_time
    </sql>

</mapper>
