<?xml version="1.0" encoding="UTF-8"?>
<!DOCTYPE mapper PUBLIC "-//mybatis.org//DTD Mapper 3.0//EN" "http://mybatis.org/dtd/mybatis-3-mapper.dtd">
<mapper namespace="org.analysis.projects.jfy.mapper.auto.PropertyInformationMapper">

    <!-- 通用查询映射结果 -->
    <resultMap id="BaseResultMap" type="org.analysis.projects.jfy.model.auto.PropertyInformation">
        <id column="id" property="id" />
        <result column="proprietor_name" property="proprietorName" />
        <result column="house_address" property="houseAddress" />
        <result column="park_address" property="parkAddress" />
        <result column="house_area" property="houseArea" />
        <result column="park_area" property="parkArea" />
        <result column="phone" property="phone" />
        <result column="deleted" property="deleted" />
        <result column="create_time" property="createTime" />
        <result column="update_time" property="updateTime" />
    </resultMap>

    <!-- 通用查询结果列 -->
    <sql id="Base_Column_List">
        id, proprietor_name, house_address, park_address, house_area, park_area, phone, deleted, create_time, update_time
    </sql>

</mapper>
