<?xml version="1.0" encoding="UTF-8"?>
<!DOCTYPE mapper PUBLIC "-//mybatis.org//DTD Mapper 3.0//EN" "http://mybatis.org/dtd/mybatis-3-mapper.dtd">
<mapper namespace="org.analysis.projects.oasystem.mapper.auto.ClaimDetailMapper">

    <!-- 通用查询映射结果 -->
    <resultMap id="BaseResultMap" type="org.analysis.projects.oasystem.model.auto.ClaimDetail">
        <id column="id" property="id" />
        <result column="expense_date" property="expenseDate" />
        <result column="expense_subject" property="expenseSubject" />
        <result column="expense_explanation" property="expenseExplanation" />
        <result column="bill_num" property="billNum" />
        <result column="claim_amount" property="claimAmount" />
        <result column="description" property="description" />
        <result column="deleted" property="deleted" />
        <result column="create_time" property="createTime" />
        <result column="update_time" property="updateTime" />
    </resultMap>

    <!-- 通用查询结果列 -->
    <sql id="Base_Column_List">
        id, expense_date, expense_subject, expense_explanation, bill_num, claim_amount, description, deleted, create_time, update_time
    </sql>

</mapper>
