<?xml version="1.0" encoding="UTF-8"?>
<!DOCTYPE mapper PUBLIC "-//mybatis.org//DTD Mapper 3.0//EN" "http://mybatis.org/dtd/mybatis-3-mapper.dtd">
<mapper namespace="org.analysis.projects.oasystem.mapper.auto.DeptMapper">

    <!-- 通用查询映射结果 -->
    <resultMap id="BaseResultMap" type="org.analysis.projects.oasystem.model.auto.Dept">
        <id column="id" property="id" />
        <result column="manager" property="manager" />
        <result column="dept_name" property="deptName" />
        <result column="dept_fax" property="deptFax" />
        <result column="dept_tel" property="deptTel" />
        <result column="dept_email" property="deptEmail" />
        <result column="address" property="address" />
        <result column="description" property="description" />
        <result column="deleted" property="deleted" />
        <result column="create_time" property="createTime" />
        <result column="update_time" property="updateTime" />
    </resultMap>

    <!-- 通用查询结果列 -->
    <sql id="Base_Column_List">
        id, manager, dept_name, dept_fax, dept_tel, dept_email, address, description, deleted, create_time, update_time
    </sql>

</mapper>
