<?xml version="1.0" encoding="UTF-8"?>
<!DOCTYPE mapper PUBLIC "-//mybatis.org//DTD Mapper 3.0//EN" "http://mybatis.org/dtd/mybatis-3-mapper.dtd">
<mapper namespace="org.analysis.projects.oasystem.mapper.auto.NoticeMapper">

    <!-- 通用查询映射结果 -->
    <resultMap id="BaseResultMap" type="org.analysis.projects.oasystem.model.auto.Notice">
        <id column="id" property="id" />
        <result column="type_id" property="typeId" />
        <result column="status_id" property="statusId" />
        <result column="staff_id" property="staffId" />
        <result column="title" property="title" />
        <result column="content" property="content" />
        <result column="url" property="url" />
        <result column="notice_time" property="noticeTime" />
        <result column="top" property="top" />
        <result column="description" property="description" />
        <result column="deleted" property="deleted" />
        <result column="create_time" property="createTime" />
        <result column="update_time" property="updateTime" />
    </resultMap>

    <!-- 通用查询结果列 -->
    <sql id="Base_Column_List">
        id, type_id, status_id, staff_id, title, content, url, notice_time, top, description, deleted, create_time, update_time
    </sql>

</mapper>
