<?xml version="1.0" encoding="UTF-8"?>
<!DOCTYPE mapper PUBLIC "-//mybatis.org//DTD Mapper 3.0//EN" "http://mybatis.org/dtd/mybatis-3-mapper.dtd">
<mapper namespace="org.analysis.projects.oasystem.mapper.auto.ObjectStatusMapper">

    <!-- 通用查询映射结果 -->
    <resultMap id="BaseResultMap" type="org.analysis.projects.oasystem.model.auto.ObjectStatus">
        <id column="id" property="id" />
        <result column="status_name" property="statusName" />
        <result column="status_color" property="statusColor" />
        <result column="status_model" property="statusModel" />
        <result column="sort" property="sort" />
        <result column="description" property="description" />
        <result column="deleted" property="deleted" />
        <result column="create_time" property="createTime" />
        <result column="update_time" property="updateTime" />
    </resultMap>

    <!-- 通用查询结果列 -->
    <sql id="Base_Column_List">
        id, status_name, status_color, status_model, sort, description, deleted, create_time, update_time
    </sql>

</mapper>
