<?xml version="1.0" encoding="UTF-8"?>
<!DOCTYPE mapper PUBLIC "-//mybatis.org//DTD Mapper 3.0//EN" "http://mybatis.org/dtd/mybatis-3-mapper.dtd">
<mapper namespace="org.analysis.projects.oasystem.mapper.auto.PositionMapper">

    <!-- 通用查询映射结果 -->
    <resultMap id="BaseResultMap" type="org.analysis.projects.oasystem.model.auto.Position">
        <id column="id" property="id" />
        <result column="dept_id" property="deptId" />
        <result column="name" property="name" />
        <result column="level" property="level" />
        <result column="description" property="description" />
        <result column="deleted" property="deleted" />
        <result column="create_time" property="createTime" />
        <result column="update_time" property="updateTime" />
    </resultMap>

    <!-- 通用查询结果列 -->
    <sql id="Base_Column_List">
        id, dept_id, name, level, description, deleted, create_time, update_time
    </sql>

</mapper>
