<?xml version="1.0" encoding="UTF-8"?>
<!DOCTYPE mapper PUBLIC "-//mybatis.org//DTD Mapper 3.0//EN" "http://mybatis.org/dtd/mybatis-3-mapper.dtd">
<mapper namespace="org.analysis.projects.oasystem.mapper.auto.ProcessClaimMapper">

    <!-- 通用查询映射结果 -->
    <resultMap id="BaseResultMap" type="org.analysis.projects.oasystem.model.auto.ProcessClaim">
        <id column="id" property="id" />
        <result column="title" property="title" />
        <result column="staff" property="staff" />
        <result column="voucher" property="voucher" />
        <result column="status_id" property="statusId" />
        <result column="related_customers" property="relatedCustomers" />
        <result column="claim_type" property="claimType" />
        <result column="auditor" property="auditor" />
        <result column="claim_reasons" property="claimReasons" />
        <result column="detail_ids" property="detailIds" />
        <result column="description" property="description" />
        <result column="deleted" property="deleted" />
        <result column="create_time" property="createTime" />
        <result column="update_time" property="updateTime" />
    </resultMap>

    <!-- 通用查询结果列 -->
    <sql id="Base_Column_List">
        id, title, staff, voucher, status_id, related_customers, claim_type, auditor, claim_reasons, detail_ids, description, deleted, create_time, update_time
    </sql>

</mapper>
