<?xml version="1.0" encoding="UTF-8"?>
<!DOCTYPE mapper PUBLIC "-//mybatis.org//DTD Mapper 3.0//EN" "http://mybatis.org/dtd/mybatis-3-mapper.dtd">
<mapper namespace="org.analysis.projects.oasystem.mapper.auto.ProcessLeaveMapper">

    <!-- 通用查询映射结果 -->
    <resultMap id="BaseResultMap" type="org.analysis.projects.oasystem.model.auto.ProcessLeave">
        <id column="id" property="id" />
        <result column="title" property="title" />
        <result column="staff" property="staff" />
        <result column="status_id" property="statusId" />
        <result column="leave_type" property="leaveType" />
        <result column="start_time" property="startTime" />
        <result column="end_time" property="endTime" />
        <result column="leave_days" property="leaveDays" />
        <result column="auditor" property="auditor" />
        <result column="leave_reasons" property="leaveReasons" />
        <result column="description" property="description" />
        <result column="deleted" property="deleted" />
        <result column="create_time" property="createTime" />
        <result column="update_time" property="updateTime" />
    </resultMap>

    <!-- 通用查询结果列 -->
    <sql id="Base_Column_List">
        id, title, staff, status_id, leave_type, start_time, end_time, leave_days, auditor, leave_reasons, description, deleted, create_time, update_time
    </sql>

</mapper>
