<?xml version="1.0" encoding="UTF-8"?>
<!DOCTYPE mapper PUBLIC "-//mybatis.org//DTD Mapper 3.0//EN" "http://mybatis.org/dtd/mybatis-3-mapper.dtd">
<mapper namespace="org.analysis.projects.oasystem.mapper.auto.StaffMapper">

    <!-- 通用查询映射结果 -->
    <resultMap id="BaseResultMap" type="org.analysis.projects.oasystem.model.auto.Staff">
        <id column="id" property="id" />
        <result column="dept_id" property="deptId" />
        <result column="position_id" property="positionId" />
        <result column="name" property="name" />
        <result column="sex" property="sex" />
        <result column="school" property="school" />
        <result column="address" property="address" />
        <result column="bank" property="bank" />
        <result column="tel" property="tel" />
        <result column="idcard" property="idcard" />
        <result column="salary" property="salary" />
        <result column="birth" property="birth" />
        <result column="email" property="email" />
        <result column="edu" property="edu" />
        <result column="img_path" property="imgPath" />
        <result column="hire_time" property="hireTime" />
        <result column="description" property="description" />
        <result column="deleted" property="deleted" />
    </resultMap>

    <!-- 通用查询结果列 -->
    <sql id="Base_Column_List">
        id, dept_id, position_id, name, sex, school, address, bank, tel, idcard, salary, birth, email, edu, img_path, hire_time, description, deleted
    </sql>

</mapper>
